Student_ID,Subject_ID,Score
1001,1,67
1001,2,46
1001,3,74
1001,4,94
1001,5,67
1001,6,53
1002,1,95
1002,2,49
1002,3,55
1002,4,55
1002,5,93
1002,6,70
1003,1,81
1003,2,64
1003,3,52
1003,4,45
1003,5,83
1003,6,48
1004,1,84
1004,2,75
1004,3,95
1004,4,82
1004,5,59
1004,6,57
1005,1,97
1005,2,82
1005,3,96
1005,4,60
1005,5,43
1005,6,89
1006,1,72
1006,2,66
1006,3,46
1006,4,69
1006,5,54
1006,6,69
1007,1,71
1007,2,95
1007,3,50
1007,4,59
1007,5,63
1007,6,54
1008,1,87
1008,2,46
1008,3,60
1008,4,81
1008,5,65
1008,6,83
1009,1,95
1009,2,53
1009,3,96
1009,4,76
1009,5,97
1009,6,60
1010,1,57
1010,2,44
1010,3,42
1010,4,62
1010,5,65
1010,6,76
1011,1,63
1011,2,88
1011,3,58
1011,4,90
1011,5,64
1011,6,60
1012,1,51
1012,2,96
1012,3,80
1012,4,72
1012,5,89
1012,6,92
1013,1,43
1013,2,81
1013,3,96
1013,4,46
1013,5,61
1013,6,94
1014,1,72
1014,2,56
1014,3,63
1014,4,73
1014,5,67
1014,6,97
1015,1,82
1015,2,80
1015,3,78
1015,4,61
1015,5,88
1015,6,56
1016,1,73
1016,2,45
1016,3,85
1016,4,45
1016,5,73
1016,6,40
1017,1,49
1017,2,69
1017,3,44
1017,4,41
1017,5,61
1017,6,87
1018,1,96
1018,2,41
1018,3,49
1018,4,73
1018,5,55
1018,6,87
1019,1,90
1019,2,78
1019,3,61
1019,4,51
1019,5,63
1019,6,86
1020,1,79
1020,2,77
1020,3,99
1020,4,98
1020,5,49
1020,6,74
1021,1,90
1021,2,88
1021,3,71
1021,4,46
1021,5,60
1021,6,59
1022,1,65
1022,2,43
1022,3,85
1022,4,91
1022,5,61
1022,6,54
1023,1,95
1023,2,79
1023,3,60
1023,4,54
1023,5,61
1023,6,91
1024,1,67
1024,2,53
1024,3,66
1024,4,80
1024,5,79
1024,6,97
1025,1,67
1025,2,65
1025,3,88
1025,4,41
1025,5,64
1025,6,95
1026,1,42
1026,2,47
1026,3,83
1026,4,72
1026,5,81
1026,6,91
1027,1,74
1027,2,45
1027,3,78
1027,4,91
1027,5,62
1027,6,64
1028,1,98
1028,2,89
1028,3,82
1028,4,58
1028,5,44
1028,6,90
1029,1,50
1029,2,95
1029,3,51
1029,4,49
1029,5,47
1029,6,63
1030,1,99
1030,2,67
1030,3,80
1030,4,75
1030,5,76
1030,6,60
1031,1,47
1031,2,94
1031,3,48
1031,4,86
1031,5,54
1031,6,87
1032,1,85
1032,2,79
1032,3,57
1032,4,81
1032,5,99
1032,6,59
1033,1,45
1033,2,51
1033,3,41
1033,4,46
1033,5,55
1033,6,42
1034,1,84
1034,2,42
1034,3,66
1034,4,89
1034,5,82
1034,6,79
1035,1,77
1035,2,72
1035,3,67
1035,4,40
1035,5,94
1035,6,47
1036,1,76
1036,2,71
1036,3,99
1036,4,87
1036,5,82
1036,6,76
1037,1,43
1037,2,69
1037,3,45
1037,4,85
1037,5,93
1037,6,58
1038,1,71
1038,2,48
1038,3,51
1038,4,50
1038,5,85
1038,6,94
1039,1,55
1039,2,40
1039,3,84
1039,4,94
1039,5,92
1039,6,60
1040,1,69
1040,2,52
1040,3,73
1040,4,43
1040,5,67
1040,6,77
1041,1,97
1041,2,70
1041,3,98
1041,4,94
1041,5,66
1041,6,44
1042,1,64
1042,2,42
1042,3,72
1042,4,43
1042,5,64
1042,6,59
1043,1,73
1043,2,65
1043,3,44
1043,4,74
1043,5,67
1043,6,68
1044,1,48
1044,2,91
1044,3,77
1044,4,89
1044,5,45
1044,6,58
1045,1,99
1045,2,83
1045,3,96
1045,4,50
1045,5,41
1045,6,86
1046,1,83
1046,2,83
1046,3,48
1046,4,60
1046,5,63
1046,6,73
1047,1,61
1047,2,42
1047,3,51
1047,4,67
1047,5,69
1047,6,65
1048,1,87
1048,2,60
1048,3,67
1048,4,95
1048,5,65
1048,6,72
1049,1,60
1049,2,74
1049,3,91
1049,4,73
1049,5,80
1049,6,90
1050,1,86
1050,2,57
1050,3,97
1050,4,50
1050,5,96
1050,6,62
1051,1,87
1051,2,61
1051,3,56
1051,4,44
1051,5,83
1051,6,50
1052,1,69
1052,2,54
1052,3,66
1052,4,74
1052,5,72
1052,6,59
1053,1,55
1053,2,73
1053,3,41
1053,4,74
1053,5,79
1053,6,95
1054,1,67
1054,2,86
1054,3,78
1054,4,45
1054,5,48
1054,6,59
1055,1,99
1055,2,40
1055,3,47
1055,4,94
1055,5,62
1055,6,42
1056,1,43
1056,2,97
1056,3,64
1056,4,86
1056,5,77
1056,6,54
1057,1,60
1057,2,74
1057,3,96
1057,4,92
1057,5,92
1057,6,85
1058,1,91
1058,2,53
1058,3,75
1058,4,51
1058,5,56
1058,6,78
1059,1,48
1059,2,74
1059,3,99
1059,4,52
1059,5,54
1059,6,57
1060,1,90
1060,2,72
1060,3,45
1060,4,98
1060,5,66
1060,6,62
1061,1,98
1061,2,66
1061,3,73
1061,4,95
1061,5,85
1061,6,77
1062,1,53
1062,2,75
1062,3,92
1062,4,47
1062,5,74
1062,6,58
1063,1,69
1063,2,53
1063,3,98
1063,4,59
1063,5,88
1063,6,64
1064,1,79
1064,2,63
1064,3,53
1064,4,65
1064,5,77
1064,6,62
1065,1,61
1065,2,87
1065,3,96
1065,4,58
1065,5,85
1065,6,90
1066,1,42
1066,2,81
1066,3,58
1066,4,48
1066,5,67
1066,6,59
1067,1,84
1067,2,46
1067,3,53
1067,4,48
1067,5,98
1067,6,99
1068,1,94
1068,2,96
1068,3,99
1068,4,58
1068,5,86
1068,6,91
1069,1,53
1069,2,95
1069,3,77
1069,4,92
1069,5,75
1069,6,79
1070,1,56
1070,2,69
1070,3,48
1070,4,72
1070,5,95
1070,6,91
1071,1,64
1071,2,53
1071,3,50
1071,4,92
1071,5,74
1071,6,80
1072,1,98
1072,2,53
1072,3,69
1072,4,80
1072,5,43
1072,6,98
1073,1,43
1073,2,67
1073,3,47
1073,4,41
1073,5,80
1073,6,85
1074,1,61
1074,2,80
1074,3,95
1074,4,94
1074,5,55
1074,6,68
1075,1,88
1075,2,87
1075,3,69
1075,4,51
1075,5,74
1075,6,50
1076,1,85
1076,2,89
1076,3,60
1076,4,60
1076,5,44
1076,6,87
1077,1,59
1077,2,76
1077,3,42
1077,4,83
1077,5,72
1077,6,92
1078,1,48
1078,2,48
1078,3,43
1078,4,74
1078,5,56
1078,6,73
1079,1,63
1079,2,71
1079,3,40
1079,4,47
1079,5,84
1079,6,62
1080,1,86
1080,2,79
1080,3,51
1080,4,93
1080,5,51
1080,6,85
1081,1,86
1081,2,54
1081,3,80
1081,4,58
1081,5,65
1081,6,91
1082,1,68
1082,2,61
1082,3,79
1082,4,60
1082,5,90
1082,6,77
1083,1,59
1083,2,96
1083,3,68
1083,4,90
1083,5,43
1083,6,94
1084,1,46
1084,2,67
1084,3,67
1084,4,43
1084,5,61
1084,6,51
1085,1,84
1085,2,42
1085,3,61
1085,4,83
1085,5,41
1085,6,63
1086,1,69
1086,2,66
1086,3,94
1086,4,80
1086,5,40
1086,6,47
1087,1,62
1087,2,77
1087,3,45
1087,4,61
1087,5,64
1087,6,57
1088,1,56
1088,2,51
1088,3,45
1088,4,65
1088,5,66
1088,6,47
1089,1,58
1089,2,99
1089,3,81
1089,4,40
1089,5,96
1089,6,68
1090,1,84
1090,2,88
1090,3,74
1090,4,79
1090,5,53
1090,6,74
1091,1,87
1091,2,84
1091,3,59
1091,4,95
1091,5,88
1091,6,52
1092,1,77
1092,2,88
1092,3,85
1092,4,88
1092,5,47
1092,6,82
1093,1,59
1093,2,99
1093,3,72
1093,4,65
1093,5,78
1093,6,60
1094,1,92
1094,2,88
1094,3,81
1094,4,82
1094,5,93
1094,6,80
1095,1,48
1095,2,63
1095,3,76
1095,4,88
1095,5,80
1095,6,56
1096,1,63
1096,2,60
1096,3,90
1096,4,98
1096,5,78
1096,6,94
1097,1,80
1097,2,78
1097,3,52
1097,4,50
1097,5,85
1097,6,58
1098,1,50
1098,2,52
1098,3,85
1098,4,84
1098,5,40
1098,6,79
1099,1,83
1099,2,58
1099,3,51
1099,4,47
1099,5,47
1099,6,92
1100,1,84
1100,2,51
1100,3,87
1100,4,72
1100,5,84
1100,6,65
1101,1,78
1101,2,67
1101,3,97
1101,4,44
1101,5,47
1101,6,64
1102,1,66
1102,2,85
1102,3,62
1102,4,69
1102,5,84
1102,6,86
1103,1,62
1103,2,88
1103,3,86
1103,4,59
1103,5,57
1103,6,57
1104,1,41
1104,2,43
1104,3,69
1104,4,72
1104,5,75
1104,6,57
1105,1,76
1105,2,58
1105,3,86
1105,4,67
1105,5,79
1105,6,59
1106,1,88
1106,2,72
1106,3,51
1106,4,97
1106,5,90
1106,6,54
1107,1,80
1107,2,78
1107,3,41
1107,4,68
1107,5,80
1107,6,49
1108,1,41
1108,2,90
1108,3,50
1108,4,52
1108,5,49
1108,6,53
1109,1,57
1109,2,90
1109,3,93
1109,4,48
1109,5,96
1109,6,78
1110,1,67
1110,2,42
1110,3,59
1110,4,45
1110,5,66
1110,6,92
1111,1,41
1111,2,68
1111,3,77
1111,4,42
1111,5,55
1111,6,69
1112,1,79
1112,2,41
1112,3,56
1112,4,80
1112,5,51
1112,6,74
1113,1,82
1113,2,40
1113,3,94
1113,4,84
1113,5,54
1113,6,65
1114,1,76
1114,2,60
1114,3,88
1114,4,70
1114,5,64
1114,6,62
1115,1,63
1115,2,96
1115,3,77
1115,4,67
1115,5,60
1115,6,93
1116,1,82
1116,2,57
1116,3,75
1116,4,74
1116,5,84
1116,6,94
1117,1,48
1117,2,92
1117,3,77
1117,4,97
1117,5,69
1117,6,99
1118,1,83
1118,2,73
1118,3,71
1118,4,42
1118,5,42
1118,6,67
1119,1,83
1119,2,54
1119,3,80
1119,4,62
1119,5,79
1119,6,50
1120,1,87
1120,2,71
1120,3,97
1120,4,98
1120,5,96
1120,6,93
1121,1,75
1121,2,99
1121,3,72
1121,4,63
1121,5,78
1121,6,73
1122,1,95
1122,2,67
1122,3,76
1122,4,46
1122,5,43
1122,6,76
1123,1,95
1123,2,69
1123,3,40
1123,4,86
1123,5,59
1123,6,58
1124,1,68
1124,2,49
1124,3,99
1124,4,57
1124,5,67
1124,6,74
1125,1,82
1125,2,86
1125,3,70
1125,4,66
1125,5,50
1125,6,88
1126,1,88
1126,2,77
1126,3,44
1126,4,47
1126,5,73
1126,6,87
1127,1,91
1127,2,95
1127,3,51
1127,4,77
1127,5,40
1127,6,70
1128,1,43
1128,2,88
1128,3,84
1128,4,89
1128,5,44
1128,6,69
1129,1,95
1129,2,63
1129,3,98
1129,4,42
1129,5,50
1129,6,84
1130,1,43
1130,2,65
1130,3,66
1130,4,85
1130,5,93
1130,6,82
1131,1,66
1131,2,81
1131,3,90
1131,4,89
1131,5,45
1131,6,98
1132,1,54
1132,2,92
1132,3,69
1132,4,81
1132,5,76
1132,6,97
1133,1,76
1133,2,81
1133,3,99
1133,4,76
1133,5,74
1133,6,62
1134,1,45
1134,2,43
1134,3,57
1134,4,99
1134,5,48
1134,6,88
1135,1,68
1135,2,52
1135,3,98
1135,4,86
1135,5,91
1135,6,56
1136,1,84
1136,2,71
1136,3,87
1136,4,61
1136,5,43
1136,6,44
1137,1,76
1137,2,80
1137,3,88
1137,4,52
1137,5,73
1137,6,84
1138,1,61
1138,2,92
1138,3,98
1138,4,62
1138,5,90
1138,6,42
1139,1,81
1139,2,73
1139,3,71
1139,4,84
1139,5,90
1139,6,97
1140,1,88
1140,2,60
1140,3,85
1140,4,83
1140,5,60
1140,6,83
1141,1,50
1141,2,78
1141,3,43
1141,4,90
1141,5,40
1141,6,67
1142,1,63
1142,2,74
1142,3,52
1142,4,86
1142,5,73
1142,6,50
1143,1,75
1143,2,90
1143,3,56
1143,4,74
1143,5,99
1143,6,57
1144,1,79
1144,2,61
1144,3,96
1144,4,63
1144,5,97
1144,6,58
1145,1,76
1145,2,78
1145,3,60
1145,4,47
1145,5,67
1145,6,44
1146,1,56
1146,2,76
1146,3,75
1146,4,93
1146,5,58
1146,6,66
1147,1,92
1147,2,73
1147,3,50
1147,4,93
1147,5,84
1147,6,86
1148,1,51
1148,2,93
1148,3,60
1148,4,93
1148,5,50
1148,6,78
1149,1,67
1149,2,44
1149,3,56
1149,4,95
1149,5,59
1149,6,80
1150,1,85
1150,2,97
1150,3,51
1150,4,45
1150,5,56
1150,6,90
1151,1,58
1151,2,65
1151,3,87
1151,4,83
1151,5,83
1151,6,91
1152,1,71
1152,2,45
1152,3,94
1152,4,97
1152,5,75
1152,6,77
1153,1,50
1153,2,72
1153,3,63
1153,4,62
1153,5,54
1153,6,66
1154,1,50
1154,2,96
1154,3,90
1154,4,89
1154,5,56
1154,6,90
1155,1,92
1155,2,53
1155,3,66
1155,4,57
1155,5,67
1155,6,90
1156,1,86
1156,2,86
1156,3,43
1156,4,46
1156,5,84
1156,6,74
1157,1,87
1157,2,48
1157,3,47
1157,4,91
1157,5,84
1157,6,56
1158,1,56
1158,2,88
1158,3,72
1158,4,71
1158,5,47
1158,6,58
1159,1,77
1159,2,42
1159,3,98
1159,4,44
1159,5,52
1159,6,86
1160,1,85
1160,2,70
1160,3,94
1160,4,55
1160,5,89
1160,6,71
1161,1,61
1161,2,68
1161,3,61
1161,4,82
1161,5,42
1161,6,93
1162,1,49
1162,2,81
1162,3,60
1162,4,55
1162,5,51
1162,6,41
1163,1,80
1163,2,63
1163,3,74
1163,4,95
1163,5,69
1163,6,96
1164,1,69
1164,2,86
1164,3,74
1164,4,58
1164,5,89
1164,6,47
1165,1,65
1165,2,88
1165,3,79
1165,4,46
1165,5,69
1165,6,46
1166,1,42
1166,2,40
1166,3,75
1166,4,64
1166,5,76
1166,6,40
1167,1,54
1167,2,76
1167,3,52
1167,4,79
1167,5,47
1167,6,44
1168,1,99
1168,2,48
1168,3,40
1168,4,75
1168,5,74
1168,6,41
1169,1,79
1169,2,62
1169,3,48
1169,4,73
1169,5,85
1169,6,53
1170,1,43
1170,2,69
1170,3,70
1170,4,77
1170,5,50
1170,6,74
1171,1,47
1171,2,42
1171,3,53
1171,4,99
1171,5,52
1171,6,84
1172,1,71
1172,2,73
1172,3,84
1172,4,58
1172,5,98
1172,6,77
1173,1,55
1173,2,41
1173,3,79
1173,4,56
1173,5,94
1173,6,73
1174,1,81
1174,2,99
1174,3,55
1174,4,77
1174,5,99
1174,6,41
1175,1,41
1175,2,65
1175,3,52
1175,4,95
1175,5,86
1175,6,70
1176,1,99
1176,2,73
1176,3,78
1176,4,42
1176,5,47
1176,6,62
1177,1,53
1177,2,95
1177,3,94
1177,4,66
1177,5,93
1177,6,68
1178,1,78
1178,2,92
1178,3,78
1178,4,40
1178,5,56
1178,6,80
1179,1,69
1179,2,92
1179,3,52
1179,4,60
1179,5,58
1179,6,92
1180,1,58
1180,2,96
1180,3,64
1180,4,61
1180,5,70
1180,6,56
1181,1,94
1181,2,62
1181,3,71
1181,4,49
1181,5,49
1181,6,75
1182,1,47
1182,2,93
1182,3,91
1182,4,59
1182,5,71
1182,6,89
1183,1,53
1183,2,89
1183,3,67
1183,4,85
1183,5,91
1183,6,92
1184,1,63
1184,2,54
1184,3,69
1184,4,69
1184,5,43
1184,6,52
1185,1,98
1185,2,62
1185,3,47
1185,4,57
1185,5,51
1185,6,94
1186,1,70
1186,2,53
1186,3,73
1186,4,57
1186,5,95
1186,6,73
1187,1,50
1187,2,80
1187,3,51
1187,4,88
1187,5,54
1187,6,96
1188,1,70
1188,2,88
1188,3,97
1188,4,68
1188,5,65
1188,6,57
1189,1,71
1189,2,61
1189,3,77
1189,4,56
1189,5,62
1189,6,63
1190,1,89
1190,2,47
1190,3,80
1190,4,45
1190,5,44
1190,6,83
1191,1,96
1191,2,68
1191,3,67
1191,4,50
1191,5,96
1191,6,40
1192,1,82
1192,2,58
1192,3,48
1192,4,66
1192,5,73
1192,6,83
1193,1,43
1193,2,75
1193,3,57
1193,4,54
1193,5,90
1193,6,52
1194,1,58
1194,2,88
1194,3,45
1194,4,87
1194,5,95
1194,6,51
1195,1,90
1195,2,76
1195,3,56
1195,4,97
1195,5,62
1195,6,65
1196,1,68
1196,2,72
1196,3,99
1196,4,66
1196,5,64
1196,6,95
1197,1,94
1197,2,49
1197,3,86
1197,4,62
1197,5,60
1197,6,60
1198,1,82
1198,2,52
1198,3,76
1198,4,72
1198,5,63
1198,6,83
1199,1,50
1199,2,56
1199,3,43
1199,4,86
1199,5,64
1199,6,69
1200,1,48
1200,2,60
1200,3,59
1200,4,58
1200,5,58
1200,6,51
1201,1,76
1201,2,81
1201,3,56
1201,4,76
1201,5,93
1201,6,87
1202,1,78
1202,2,67
1202,3,80
1202,4,74
1202,5,86
1202,6,87
1203,1,57
1203,2,53
1203,3,74
1203,4,83
1203,5,80
1203,6,99
1204,1,46
1204,2,80
1204,3,52
1204,4,57
1204,5,76
1204,6,52
1205,1,75
1205,2,70
1205,3,41
1205,4,55
1205,5,48
1205,6,48
1206,1,77
1206,2,50
1206,3,93
1206,4,95
1206,5,61
1206,6,72
1207,1,75
1207,2,84
1207,3,62
1207,4,84
1207,5,84
1207,6,73
1208,1,48
1208,2,63
1208,3,47
1208,4,46
1208,5,75
1208,6,57
1209,1,42
1209,2,67
1209,3,45
1209,4,83
1209,5,83
1209,6,60
1210,1,67
1210,2,79
1210,3,93
1210,4,93
1210,5,40
1210,6,75
1211,1,60
1211,2,99
1211,3,82
1211,4,74
1211,5,52
1211,6,96
1212,1,88
1212,2,93
1212,3,93
1212,4,49
1212,5,92
1212,6,83
1213,1,86
1213,2,92
1213,3,49
1213,4,85
1213,5,52
1213,6,76
1214,1,77
1214,2,63
1214,3,41
1214,4,61
1214,5,56
1214,6,75
1215,1,53
1215,2,49
1215,3,74
1215,4,64
1215,5,42
1215,6,86
1216,1,77
1216,2,56
1216,3,51
1216,4,93
1216,5,91
1216,6,63
1217,1,68
1217,2,82
1217,3,64
1217,4,75
1217,5,97
1217,6,99
1218,1,65
1218,2,77
1218,3,40
1218,4,59
1218,5,94
1218,6,67
1219,1,55
1219,2,86
1219,3,56
1219,4,79
1219,5,67
1219,6,97
1220,1,51
1220,2,66
1220,3,93
1220,4,92
1220,5,81
1220,6,98
1221,1,86
1221,2,69
1221,3,80
1221,4,73
1221,5,76
1221,6,45
1222,1,46
1222,2,71
1222,3,71
1222,4,92
1222,5,64
1222,6,72
1223,1,94
1223,2,69
1223,3,46
1223,4,91
1223,5,96
1223,6,51
1224,1,55
1224,2,55
1224,3,82
1224,4,92
1224,5,75
1224,6,52
1225,1,46
1225,2,75
1225,3,86
1225,4,90
1225,5,48
1225,6,71
1226,1,50
1226,2,47
1226,3,72
1226,4,62
1226,5,64
1226,6,95
1227,1,47
1227,2,84
1227,3,61
1227,4,98
1227,5,43
1227,6,79
1228,1,42
1228,2,68
1228,3,80
1228,4,68
1228,5,73
1228,6,73
1229,1,69
1229,2,52
1229,3,54
1229,4,99
1229,5,62
1229,6,83
1230,1,65
1230,2,43
1230,3,65
1230,4,79
1230,5,48
1230,6,94
1231,1,44
1231,2,95
1231,3,71
1231,4,59
1231,5,89
1231,6,50
1232,1,54
1232,2,71
1232,3,67
1232,4,61
1232,5,80
1232,6,56
1233,1,98
1233,2,65
1233,3,83
1233,4,46
1233,5,81
1233,6,96
1234,1,65
1234,2,64
1234,3,49
1234,4,98
1234,5,84
1234,6,58
1235,1,50
1235,2,52
1235,3,92
1235,4,47
1235,5,79
1235,6,43
1236,1,86
1236,2,70
1236,3,67
1236,4,50
1236,5,82
1236,6,40
1237,1,88
1237,2,86
1237,3,91
1237,4,77
1237,5,63
1237,6,93
1238,1,99
1238,2,96
1238,3,86
1238,4,70
1238,5,80
1238,6,85
1239,1,89
1239,2,65
1239,3,88
1239,4,89
1239,5,44
1239,6,59
1240,1,91
1240,2,80
1240,3,50
1240,4,95
1240,5,93
1240,6,72
1241,1,89
1241,2,77
1241,3,66
1241,4,73
1241,5,54
1241,6,71
1242,1,97
1242,2,60
1242,3,85
1242,4,44
1242,5,45
1242,6,77
1243,1,61
1243,2,57
1243,3,53
1243,4,49
1243,5,85
1243,6,52
1244,1,70
1244,2,69
1244,3,42
1244,4,69
1244,5,45
1244,6,68
1245,1,47
1245,2,83
1245,3,84
1245,4,82
1245,5,83
1245,6,72
1246,1,56
1246,2,87
1246,3,50
1246,4,52
1246,5,89
1246,6,50
1247,1,70
1247,2,67
1247,3,83
1247,4,45
1247,5,80
1247,6,55
1248,1,43
1248,2,74
1248,3,99
1248,4,87
1248,5,95
1248,6,98
1249,1,65
1249,2,96
1249,3,51
1249,4,50
1249,5,76
1249,6,64
1250,1,57
1250,2,58
1250,3,62
1250,4,94
1250,5,77
1250,6,93
1251,1,57
1251,2,65
1251,3,45
1251,4,43
1251,5,83
1251,6,90
1252,1,68
1252,2,98
1252,3,73
1252,4,56
1252,5,82
1252,6,82
1253,1,92
1253,2,55
1253,3,41
1253,4,73
1253,5,94
1253,6,47
1254,1,52
1254,2,81
1254,3,47
1254,4,69
1254,5,71
1254,6,75
1255,1,86
1255,2,69
1255,3,40
1255,4,82
1255,5,78
1255,6,56
1256,1,98
1256,2,59
1256,3,63
1256,4,89
1256,5,61
1256,6,68
1257,1,61
1257,2,83
1257,3,48
1257,4,76
1257,5,49
1257,6,75
1258,1,76
1258,2,67
1258,3,67
1258,4,81
1258,5,82
1258,6,60
1259,1,63
1259,2,81
1259,3,99
1259,4,79
1259,5,41
1259,6,94
1260,1,47
1260,2,87
1260,3,66
1260,4,61
1260,5,76
1260,6,66
1261,1,96
1261,2,68
1261,3,42
1261,4,83
1261,5,52
1261,6,84
1262,1,49
1262,2,75
1262,3,48
1262,4,93
1262,5,95
1262,6,94
1263,1,66
1263,2,73
1263,3,90
1263,4,40
1263,5,71
1263,6,64
1264,1,68
1264,2,46
1264,3,88
1264,4,42
1264,5,59
1264,6,59
1265,1,92
1265,2,69
1265,3,74
1265,4,74
1265,5,88
1265,6,78
1266,1,66
1266,2,65
1266,3,53
1266,4,56
1266,5,57
1266,6,84
1267,1,91
1267,2,68
1267,3,59
1267,4,92
1267,5,66
1267,6,57
1268,1,43
1268,2,40
1268,3,89
1268,4,40
1268,5,97
1268,6,65
1269,1,84
1269,2,59
1269,3,91
1269,4,62
1269,5,49
1269,6,98
1270,1,50
1270,2,80
1270,3,80
1270,4,44
1270,5,97
1270,6,40
1271,1,56
1271,2,61
1271,3,73
1271,4,95
1271,5,84
1271,6,80
1272,1,68
1272,2,43
1272,3,44
1272,4,50
1272,5,95
1272,6,90
1273,1,60
1273,2,74
1273,3,51
1273,4,65
1273,5,90
1273,6,58
1274,1,84
1274,2,99
1274,3,46
1274,4,86
1274,5,94
1274,6,46
1275,1,65
1275,2,79
1275,3,44
1275,4,60
1275,5,53
1275,6,43
1276,1,62
1276,2,81
1276,3,59
1276,4,54
1276,5,89
1276,6,91
1277,1,84
1277,2,68
1277,3,47
1277,4,80
1277,5,87
1277,6,58
1278,1,87
1278,2,78
1278,3,85
1278,4,67
1278,5,85
1278,6,96
1279,1,66
1279,2,43
1279,3,97
1279,4,54
1279,5,74
1279,6,76
1280,1,40
1280,2,42
1280,3,86
1280,4,63
1280,5,66
1280,6,79
1281,1,75
1281,2,73
1281,3,68
1281,4,69
1281,5,63
1281,6,81
1282,1,43
1282,2,42
1282,3,73
1282,4,96
1282,5,88
1282,6,62
1283,1,92
1283,2,95
1283,3,91
1283,4,62
1283,5,84
1283,6,44
1284,1,70
1284,2,92
1284,3,80
1284,4,96
1284,5,96
1284,6,99
1285,1,93
1285,2,45
1285,3,76
1285,4,96
1285,5,49
1285,6,69
1286,1,46
1286,2,78
1286,3,77
1286,4,69
1286,5,59
1286,6,42
1287,1,90
1287,2,61
1287,3,86
1287,4,43
1287,5,67
1287,6,51
1288,1,77
1288,2,90
1288,3,75
1288,4,86
1288,5,80
1288,6,44
1289,1,52
1289,2,62
1289,3,97
1289,4,89
1289,5,69
1289,6,76
1290,1,64
1290,2,87
1290,3,66
1290,4,90
1290,5,53
1290,6,96
1291,1,87
1291,2,98
1291,3,86
1291,4,93
1291,5,75
1291,6,78
1292,1,55
1292,2,95
1292,3,61
1292,4,60
1292,5,93
1292,6,60
1293,1,47
1293,2,88
1293,3,55
1293,4,98
1293,5,94
1293,6,70
1294,1,81
1294,2,49
1294,3,71
1294,4,98
1294,5,73
1294,6,48
1295,1,56
1295,2,50
1295,3,71
1295,4,49
1295,5,61
1295,6,96
1296,1,56
1296,2,43
1296,3,87
1296,4,91
1296,5,86
1296,6,64
1297,1,98
1297,2,60
1297,3,76
1297,4,77
1297,5,88
1297,6,40
1298,1,64
1298,2,90
1298,3,75
1298,4,56
1298,5,80
1298,6,63
1299,1,41
1299,2,79
1299,3,54
1299,4,71
1299,5,78
1299,6,98
1300,1,45
1300,2,40
1300,3,86
1300,4,62
1300,5,97
1300,6,78
1301,1,96
1301,2,56
1301,3,73
1301,4,98
1301,5,80
1301,6,68
1302,1,48
1302,2,52
1302,3,45
1302,4,45
1302,5,59
1302,6,91
1303,1,92
1303,2,42
1303,3,56
1303,4,88
1303,5,51
1303,6,87
1304,1,86
1304,2,84
1304,3,94
1304,4,40
1304,5,56
1304,6,42
1305,1,65
1305,2,54
1305,3,75
1305,4,71
1305,5,71
1305,6,43
1306,1,57
1306,2,88
1306,3,58
1306,4,82
1306,5,91
1306,6,74
1307,1,79
1307,2,53
1307,3,97
1307,4,72
1307,5,53
1307,6,73
1308,1,94
1308,2,43
1308,3,63
1308,4,98
1308,5,68
1308,6,58
1309,1,45
1309,2,96
1309,3,72
1309,4,88
1309,5,79
1309,6,58
1310,1,92
1310,2,40
1310,3,44
1310,4,66
1310,5,55
1310,6,45
1311,1,79
1311,2,52
1311,3,87
1311,4,74
1311,5,58
1311,6,51
1312,1,55
1312,2,98
1312,3,82
1312,4,49
1312,5,64
1312,6,59
1313,1,70
1313,2,43
1313,3,83
1313,4,62
1313,5,41
1313,6,95
1314,1,61
1314,2,90
1314,3,96
1314,4,76
1314,5,47
1314,6,46
1315,1,53
1315,2,95
1315,3,94
1315,4,42
1315,5,89
1315,6,55
1316,1,94
1316,2,58
1316,3,90
1316,4,57
1316,5,91
1316,6,55
1317,1,47
1317,2,99
1317,3,72
1317,4,88
1317,5,51
1317,6,92
1318,1,50
1318,2,44
1318,3,66
1318,4,51
1318,5,56
1318,6,45
1319,1,72
1319,2,44
1319,3,96
1319,4,67
1319,5,53
1319,6,44
1320,1,93
1320,2,95
1320,3,98
1320,4,72
1320,5,89
1320,6,87
1321,1,80
1321,2,58
1321,3,61
1321,4,44
1321,5,98
1321,6,41
1322,1,69
1322,2,86
1322,3,78
1322,4,43
1322,5,72
1322,6,52
1323,1,59
1323,2,69
1323,3,46
1323,4,54
1323,5,62
1323,6,53
1324,1,62
1324,2,58
1324,3,93
1324,4,68
1324,5,95
1324,6,59
1325,1,68
1325,2,63
1325,3,57
1325,4,49
1325,5,80
1325,6,96
1326,1,47
1326,2,65
1326,3,68
1326,4,49
1326,5,56
1326,6,41
1327,1,45
1327,2,97
1327,3,44
1327,4,67
1327,5,80
1327,6,44
1328,1,57
1328,2,65
1328,3,59
1328,4,80
1328,5,88
1328,6,66
1329,1,88
1329,2,51
1329,3,46
1329,4,98
1329,5,42
1329,6,49
1330,1,73
1330,2,64
1330,3,74
1330,4,55
1330,5,41
1330,6,99
1331,1,63
1331,2,49
1331,3,77
1331,4,61
1331,5,65
1331,6,82
1332,1,94
1332,2,78
1332,3,66
1332,4,68
1332,5,86
1332,6,77
1333,1,59
1333,2,66
1333,3,80
1333,4,93
1333,5,59
1333,6,83
1334,1,58
1334,2,59
1334,3,74
1334,4,86
1334,5,41
1334,6,69
1335,1,92
1335,2,73
1335,3,61
1335,4,42
1335,5,45
1335,6,54
1336,1,66
1336,2,49
1336,3,48
1336,4,72
1336,5,71
1336,6,87
1337,1,45
1337,2,80
1337,3,98
1337,4,75
1337,5,98
1337,6,99
1338,1,41
1338,2,68
1338,3,43
1338,4,40
1338,5,58
1338,6,65
1339,1,64
1339,2,49
1339,3,92
1339,4,54
1339,5,98
1339,6,61
1340,1,90
1340,2,87
1340,3,60
1340,4,98
1340,5,95
1340,6,61
1341,1,75
1341,2,73
1341,3,69
1341,4,64
1341,5,84
1341,6,67
1342,1,40
1342,2,88
1342,3,84
1342,4,43
1342,5,46
1342,6,88
1343,1,48
1343,2,75
1343,3,58
1343,4,40
1343,5,49
1343,6,75
1344,1,48
1344,2,84
1344,3,85
1344,4,81
1344,5,71
1344,6,71
1345,1,45
1345,2,87
1345,3,77
1345,4,56
1345,5,49
1345,6,89
1346,1,66
1346,2,93
1346,3,89
1346,4,74
1346,5,91
1346,6,98
1347,1,60
1347,2,64
1347,3,67
1347,4,86
1347,5,54
1347,6,43
1348,1,68
1348,2,98
1348,3,48
1348,4,69
1348,5,65
1348,6,58
1349,1,95
1349,2,67
1349,3,56
1349,4,82
1349,5,96
1349,6,80
1350,1,81
1350,2,89
1350,3,59
1350,4,84
1350,5,69
1350,6,78
1351,1,88
1351,2,92
1351,3,62
1351,4,86
1351,5,71
1351,6,91
1352,1,86
1352,2,72
1352,3,96
1352,4,85
1352,5,44
1352,6,82
1353,1,87
1353,2,73
1353,3,79
1353,4,50
1353,5,89
1353,6,42
1354,1,97
1354,2,72
1354,3,50
1354,4,55
1354,5,57
1354,6,69
1355,1,87
1355,2,94
1355,4,57
1355,5,77
1355,6,58
1356,1,75
1356,2,98
1356,3,52
1356,4,95
1356,5,85
1356,6,42
1357,1,49
1357,2,77
1357,3,40
1357,4,94
1357,5,95
1357,6,66
1358,1,85
1358,2,47
1358,3,90
1358,4,85
1358,5,81
1358,6,56
1359,1,48
1359,2,45
1359,3,82
1359,4,64
1359,5,78
1359,6,88
1360,1,99
1360,2,67
1360,3,72
1360,4,93
1360,5,76
1360,6,48
1361,1,57
1361,2,95
1361,3,98
1361,4,60
1361,5,41
1361,6,97
1362,1,82
1362,2,98
1362,3,99
1362,4,77
1362,5,97
1362,6,79
1363,1,75
1363,2,89
1363,3,99
1363,4,82
1363,5,76
1363,6,54
1364,1,67
1364,2,57
1364,3,73
1364,4,61
1364,5,50
1364,6,97
1365,1,96
1365,2,52
1365,3,43
1365,4,61
1365,5,46
1365,6,82
1366,1,93
1366,2,63
1366,3,43
1366,4,67
1366,5,54
1366,6,40
1367,1,94
1367,2,42
1367,3,53
1367,4,77
1367,5,89
1367,6,96
1368,1,40
1368,2,69
1368,3,77
1368,4,60
1368,5,87
1368,6,68
1369,1,44
1369,2,88
1369,3,49
1369,4,67
1369,5,60
1369,6,89
1370,1,46
1370,2,42
1370,3,84
1370,4,86
1370,5,59
1370,6,58
1371,1,74
1371,2,43
1371,3,44
1371,4,40
1371,5,69
1371,6,51
1372,1,99
1372,2,66
1372,3,95
1372,4,81
1372,5,62
1372,6,64
1373,1,60
1373,2,97
1373,3,91
1373,4,63
1373,5,64
1373,6,84
1374,1,94
1374,2,85
1374,3,71
1374,4,94
1374,5,71
1374,6,44
1375,1,75
1375,2,85
1375,3,81
1375,4,88
1375,5,81
1375,6,97
1376,1,78
1376,2,55
1376,3,72
1376,4,88
1376,5,60
1376,6,48
1377,1,45
1377,2,90
1377,3,84
1377,4,74
1377,5,78
1377,6,61
1378,1,80
1378,2,93
1378,3,44
1378,4,81
1378,5,62
1378,6,56
1379,1,51
1379,2,62
1379,3,55
1379,4,42
1379,5,69
1379,6,96
1380,1,61
1380,2,48
1380,3,68
1380,4,86
1380,5,76
1380,6,62
1381,1,52
1381,2,71
1381,3,85
1381,4,91
1381,5,86
1381,6,87
1382,1,62
1382,2,84
1382,3,56
1382,4,94
1382,5,79
1382,6,60
1383,1,41
1383,2,76
1383,3,45
1383,4,83
1383,5,57
1383,6,69
1384,1,61
1384,2,93
1384,3,72
1384,4,69
1384,5,56
1384,6,82
1385,1,71
1385,2,81
1385,3,90
1385,4,53
1385,5,97
1385,6,49
1386,1,86
1386,2,99
1386,3,90
1386,4,75
1386,5,73
1386,6,48
1387,1,81
1387,2,67
1387,3,50
1387,4,53
1387,5,78
1387,6,94
1388,1,86
1388,2,93
1388,3,58
1388,4,93
1388,5,54
1388,6,67
1389,1,63
1389,2,47
1389,3,82
1389,4,48
1389,5,86
1389,6,72
1390,1,72
1390,2,58
1390,3,42
1390,4,49
1390,5,79
1390,6,86
1391,1,81
1391,2,40
1391,3,68
1391,4,89
1391,5,73
1391,6,90
1392,1,52
1392,2,93
1392,3,40
1392,4,73
1392,5,68
1392,6,87
1393,1,86
1393,2,52
1393,3,87
1393,4,88
1393,5,92
1393,6,68
1394,1,78
1394,2,63
1394,3,65
1394,4,56
1394,5,46
1394,6,52
1395,1,44
1395,2,65
1395,3,88
1395,4,42
1395,5,46
1395,6,97
1396,1,88
1396,2,78
1396,3,92
1396,4,40
1396,5,88
1396,6,56
1397,1,82
1397,2,64
1397,3,98
1397,4,42
1397,5,54
1397,6,68
1398,1,92
1398,2,82
1398,3,71
1398,4,65
1398,5,99
1398,6,55
1399,1,64
1399,2,93
1399,3,67
1399,4,48
1399,5,95
1399,6,95
1400,1,40
1400,2,68
1400,3,96
1400,4,61
1400,5,55
1400,6,80
1401,1,90
1401,2,83
1401,3,90
1401,4,93
1401,5,80
1401,6,46
1402,1,53
1402,2,68
1402,3,58
1402,4,58
1402,5,41
1402,6,80
1403,1,84
1403,2,54
1403,3,42
1403,4,50
1403,5,92
1403,6,85
1404,1,69
1404,2,96
1404,3,79
1404,4,57
1404,5,90
1404,6,87
1405,1,41
1405,2,71
1405,3,47
1405,4,61
1405,5,45
1405,6,51
1406,1,86
1406,2,96
1406,3,79
1406,4,75
1406,5,54
1406,6,67
1407,1,91
1407,2,69
1407,3,88
1407,4,84
1407,5,57
1407,6,41
1408,1,52
1408,2,84
1408,3,93
1408,4,54
1408,5,59
1408,6,68
1409,1,98
1409,2,81
1409,3,68
1409,4,42
1409,5,58
1409,6,42
1410,1,93
1410,2,53
1410,3,79
1410,4,98
1410,5,94
1410,6,43
1411,1,98
1411,2,99
1411,3,91
1411,4,50
1411,5,97
1411,6,70
1412,1,82
1412,2,71
1412,3,66
1412,4,69
1412,5,82
1412,6,41
1413,1,88
1413,2,48
1413,3,67
1413,4,70
1413,5,99
1413,6,73
1414,1,95
1414,2,54
1414,3,87
1414,4,64
1414,5,75
1414,6,47
1415,1,48
1415,2,97
1415,3,97
1415,4,76
1415,5,87
1415,6,84
1416,1,78
1416,2,71
1416,3,97
1416,4,91
1416,5,56
1416,6,74
1417,1,76
1417,2,58
1417,3,83
1417,4,68
1417,5,98
1417,6,46
1418,1,67
1418,2,48
1418,3,67
1418,4,45
1418,5,68
1418,6,97
1419,1,56
1419,2,55
1419,3,62
1419,4,70
1419,5,42
1419,6,60
1420,1,65
1420,2,75
1420,3,81
1420,4,76
1420,5,92
1420,6,61
1421,1,81
1421,2,51
1421,3,81
1421,4,52
1421,5,50
1421,6,93
1422,1,55
1422,2,47
1422,3,79
1422,4,98
1422,5,96
1422,6,79
1423,1,84
1423,2,98
1423,3,41
1423,4,69
1423,5,69
1423,6,51
1424,1,49
1424,2,83
1424,3,50
1424,4,54
1424,5,55
1424,6,56
1425,1,65
1425,2,41
1425,3,89
1425,4,51
1425,5,90
1425,6,65
1426,1,62
1426,2,57
1426,3,71
1426,4,88
1426,5,77
1426,6,96
1427,1,86
1427,2,42
1427,3,77
1427,4,42
1427,5,69
1427,6,40
1428,1,69
1428,2,84
1428,3,71
1428,4,67
1428,5,60
1428,6,97
1429,1,85
1429,2,52
1429,3,66
1429,4,75
1429,5,46
1429,6,61
1430,1,49
1430,2,78
1430,3,92
1430,4,54
1430,5,54
1430,6,43
1431,1,71
1431,2,62
1431,3,94
1431,4,45
1431,5,63
1431,6,59
1432,1,97
1432,2,76
1432,3,59
1432,4,51
1432,5,72
1432,6,67
1433,1,47
1433,2,40
1433,3,76
1433,4,61
1433,5,45
1433,6,60
1434,1,71
1434,2,74
1434,3,54
1434,4,44
1434,5,99
1434,6,95
1435,1,85
1435,2,89
1435,3,87
1435,4,45
1435,5,64
1435,6,95
1436,1,85
1436,2,98
1436,3,95
1436,4,79
1436,5,68
1436,6,46
1437,1,79
1437,2,52
1437,3,77
1437,4,57
1437,5,41
1437,6,47
1438,1,50
1438,2,72
1438,3,93
1438,4,77
1438,5,87
1438,6,66
1439,1,59
1439,2,51
1439,3,82
1439,4,70
1439,5,66
1439,6,71
1440,1,49
1440,2,42
1440,3,84
1440,4,66
1440,5,74
1440,6,70
1441,1,54
1441,2,55
1441,3,52
1441,4,88
1441,5,74
1441,6,91
1442,1,50
1442,2,98
1442,3,60
1442,4,90
1442,5,93
1442,6,50
1443,1,69
1443,2,99
1443,3,87
1443,4,92
1443,5,74
1443,6,61
1444,1,77
1444,2,70
1444,3,53
1444,4,63
1444,5,89
1444,6,88
1445,1,71
1445,2,75
1445,3,71
1445,4,94
1445,5,54
1445,6,82
1446,1,97
1446,2,74
1446,3,42
1446,4,55
1446,5,44
1446,6,60
1447,1,49
1447,2,58
1447,3,64
1447,4,43
1447,5,68
1447,6,58
1448,1,82
1448,2,41
1448,3,49
1448,4,82
1448,5,64
1448,6,59
1449,1,87
1449,2,58
1449,3,62
1449,4,63
1449,5,50
1449,6,85
1450,1,73
1450,2,94
1450,3,67
1450,4,44
1450,5,98
1450,6,44
1451,1,90
1451,2,60
1451,3,51
1451,4,89
1451,5,43
1451,6,93
1452,1,88
1452,2,81
1452,3,59
1452,4,77
1452,5,64
1452,6,53
1453,1,50
1453,2,71
1453,3,50
1453,4,57
1453,5,66
1453,6,94
1454,1,93
1454,2,57
1454,3,95
1454,4,62
1454,5,50
1454,6,60
1455,1,83
1455,2,44
1455,3,62
1455,4,80
1455,5,98
1455,6,64
1456,1,80
1456,2,93
1456,3,49
1456,4,61
1456,5,58
1456,6,40
1457,1,46
1457,2,43
1457,3,40
1457,4,54
1457,5,79
1457,6,51
1458,1,61
1458,2,61
1458,3,89
1458,4,86
1458,5,56
1458,6,68
1459,1,85
1459,2,53
1459,3,89
1459,4,59
1459,5,89
1459,6,87
1460,1,72
1460,2,94
1460,3,98
1460,4,82
1460,5,54
1460,6,51
1461,1,79
1461,2,93
1461,3,59
1461,4,69
1461,5,77
1461,6,42
1462,1,67
1462,2,95
1462,3,65
1462,4,69
1462,5,52
1462,6,52
1463,1,41
1463,2,76
1463,3,88
1463,4,77
1463,5,41
1463,6,75
1464,1,93
1464,2,65
1464,3,50
1464,4,47
1464,5,83
1464,6,79
1465,1,82
1465,2,61
1465,3,59
1465,4,47
1465,5,68
1465,6,79
1466,1,65
1466,2,69
1466,3,56
1466,4,59
1466,5,91
1466,6,94
1467,1,55
1467,2,85
1467,3,82
1467,4,46
1467,5,55
1467,6,84
1468,1,98
1468,2,86
1468,3,95
1468,4,87
1468,5,66
1468,6,92
1469,1,62
1469,2,63
1469,3,48
1469,4,74
1469,5,90
1469,6,59
1470,1,76
1470,2,81
1470,3,56
1470,4,86
1470,5,70
1470,6,94
1471,1,96
1471,2,47
1471,3,54
1471,4,70
1471,5,92
1471,6,69
1472,1,85
1472,2,59
1472,3,99
1472,4,78
1472,5,92
1472,6,94
1473,1,51
1473,2,88
1473,3,56
1473,4,81
1473,5,69
1473,6,68
1474,1,58
1474,2,85
1474,3,50
1474,4,73
1474,5,89
1474,6,46
1475,1,83
1475,2,97
1475,3,73
1475,4,98
1475,5,59
1475,6,89
1476,1,77
1476,2,63
1476,3,49
1476,4,71
1476,5,91
1476,6,54
1477,1,76
1477,2,59
1477,3,42
1477,4,76
1477,5,96
1477,6,79
1478,1,47
1478,2,79
1478,3,83
1478,4,95
1478,5,62
1478,6,79
1479,1,50
1479,2,85
1479,3,47
1479,4,68
1479,5,69
1479,6,95
1480,1,99
1480,2,49
1480,3,78
1480,4,67
1480,5,88
1480,6,75
1481,1,52
1481,2,71
1481,3,75
1481,4,76
1481,5,65
1481,6,61
1482,1,43
1482,2,70
1482,3,57
1482,4,77
1482,5,63
1482,6,95
1483,1,62
1483,2,61
1483,3,41
1483,4,70
1483,5,94
1483,6,50
1484,1,67
1484,2,85
1484,3,71
1484,4,44
1484,5,77
1484,6,49
1485,1,79
1485,2,85
1485,3,63
1485,4,74
1485,5,83
1485,6,87
1486,1,99
1486,2,62
1486,3,56
1486,4,40
1486,5,94
1486,6,70
1487,1,70
1487,2,81
1487,3,96
1487,4,94
1487,5,81
1487,6,92
1488,1,95
1488,2,73
1488,3,48
1488,4,61
1488,5,52
1488,6,64
1489,1,87
1489,2,57
1489,3,90
1489,4,51
1489,5,79
1489,6,56
1490,1,54
1490,2,81
1490,3,54
1490,4,54
1490,5,94
1490,6,78
1491,1,52
1491,2,56
1491,3,71
1491,4,48
1491,5,79
1491,6,59
1492,1,65
1492,2,66
1492,3,60
1492,4,57
1492,5,52
1492,6,55
1493,1,48
1493,2,51
1493,3,83
1493,4,77
1493,5,58
1493,6,99
1494,1,46
1494,2,96
1494,3,74
1494,4,87
1494,5,57
1494,6,55
1495,1,94
1495,2,78
1495,3,43
1495,4,98
1495,5,64
1495,6,71
1496,1,79
1496,2,52
1496,3,84
1496,4,56
1496,5,88
1496,6,76
1497,1,45
1497,2,58
1497,3,52
1497,4,96
1497,5,99
1497,6,65
1498,1,53
1498,2,70
1498,3,93
1498,4,43
1498,5,99
1498,6,78
1499,1,47
1499,2,64
1499,3,52
1499,4,71
1499,5,98
1499,6,77
1500,1,77
1500,2,95
1500,3,67
1500,4,92
1500,5,69
1500,6,42
1501,1,67
1501,2,42
1501,3,84
1501,4,93
1501,5,69
1501,6,55
1502,1,61
1502,2,71
1502,3,77
1502,4,47
1502,5,94
1502,6,47
1503,1,96
1503,2,45
1503,3,53
1503,4,71
1503,5,74
1503,6,49
1504,1,42
1504,2,98
1504,3,51
1504,4,88
1504,5,98
1504,6,70
1505,1,68
1505,2,44
1505,3,91
1505,4,64
1505,5,80
1505,6,70
1506,1,60
1506,2,97
1506,3,59
1506,4,78
1506,5,61
1506,6,43
1507,1,52
1507,2,84
1507,3,81
1507,4,89
1507,5,88
1507,6,59
1508,1,91
1508,2,52
1508,3,56
1508,4,93
1508,5,75
1508,6,72
1509,1,40
1509,2,54
1509,3,52
1509,4,56
1509,5,63
1509,6,97
1510,1,47
1510,2,89
1510,3,66
1510,4,84
1510,5,62
1510,6,85
1511,1,47
1511,2,47
1511,3,98
1511,4,65
1511,5,86
1511,6,98
1512,1,52
1512,2,78
1512,3,76
1512,4,88
1512,5,67
1512,6,64
1513,1,55
1513,2,94
1513,3,41
1513,4,93
1513,5,57
1513,6,56
1514,1,69
1514,2,78
1514,3,52
1514,4,71
1514,5,89
1514,6,68
1515,1,85
1515,2,69
1515,3,57
1515,4,52
1515,5,82
1515,6,60
1516,1,69
1516,2,60
1516,3,87
1516,4,94
1516,5,56
1516,6,79
1517,1,58
1517,2,91
1517,3,54
1517,4,48
1517,5,91
1517,6,49
1518,1,83
1518,2,70
1518,3,92
1518,4,69
1518,5,91
1518,6,69
1519,1,72
1519,2,96
1519,3,91
1519,4,48
1519,5,93
1519,6,86
1520,1,40
1520,2,83
1520,3,74
1520,4,50
1520,5,73
1520,6,55
1521,1,48
1521,2,71
1521,3,54
1521,4,51
1521,5,72
1521,6,84
1522,1,53
1522,2,96
1522,3,96
1522,4,47
1522,5,47
1522,6,66
1523,1,51
1523,2,40
1523,3,82
1523,4,79
1523,5,81
1523,6,90
1524,1,50
1524,2,78
1524,3,82
1524,4,70
1524,5,56
1524,6,72
1525,1,71
1525,2,97
1525,3,68
1525,4,60
1525,5,60
1525,6,79
1526,1,62
1526,2,95
1526,3,45
1526,4,61
1526,5,89
1526,6,77
1527,1,76
1527,2,84
1527,3,90
1527,4,93
1527,5,47
1527,6,80
1528,1,88
1528,2,74
1528,3,90
1528,4,50
1528,5,63
1528,6,88
1529,1,60
1529,2,90
1529,3,41
1529,4,79
1529,5,58
1529,6,78
1530,1,67
1530,2,98
1530,3,56
1530,4,45
1530,5,58
1530,6,95
1531,1,77
1531,2,67
1531,3,41
1531,4,77
1531,5,94
1531,6,76
1532,1,90
1532,2,91
1532,3,43
1532,4,61
1532,5,65
1532,6,88
1533,1,82
1533,2,75
1533,3,97
1533,4,52
1533,5,91
1533,6,97
1534,1,71
1534,2,56
1534,3,80
1534,4,75
1534,5,94
1534,6,99
1535,1,85
1535,2,58
1535,3,97
1535,4,99
1535,5,74
1535,6,85
1536,1,79
1536,2,95
1536,3,98
1536,4,67
1536,5,40
1536,6,81
1537,1,57
1537,2,87
1537,3,79
1537,4,72
1537,5,51
1537,6,47
1538,1,63
1538,2,55
1538,3,89
1538,4,43
1538,5,77
1538,6,83
1539,1,66
1539,2,48
1539,3,69
1539,4,55
1539,5,95
1539,6,51
1540,1,70
1540,2,63
1540,3,94
1540,4,53
1540,5,84
1540,6,64
1541,1,73
1541,2,69
1541,3,97
1541,4,63
1541,5,93
1541,6,81
1542,1,48
1542,2,65
1542,3,59
1542,4,79
1542,5,49
1542,6,58
1543,1,42
1543,2,63
1543,3,44
1543,4,42
1543,5,97
1543,6,66
1544,1,55
1544,2,88
1544,3,54
1544,4,74
1544,5,51
1544,6,80
1545,1,92
1545,2,83
1545,3,65
1545,4,86
1545,5,73
1545,6,62
1546,1,70
1546,2,89
1546,3,59
1546,4,51
1546,5,69
1546,6,43
1547,1,62
1547,2,87
1547,3,94
1547,4,87
1547,5,40
1547,6,93
1548,1,64
1548,2,41
1548,3,69
1548,4,42
1548,5,97
1548,6,60
1549,1,64
1549,2,59
1549,3,88
1549,4,91
1549,5,61
1549,6,60
1550,1,72
1550,2,91
1550,3,77
1550,4,54
1550,5,97
1550,6,97
1551,1,85
1551,2,91
1551,3,54
1551,4,85
1551,5,64
1551,6,60
1552,1,63
1552,2,96
1552,3,97
1552,4,44
1552,5,45
1552,6,88
1553,1,82
1553,2,87
1553,3,83
1553,4,86
1553,5,62
1553,6,43
1554,1,66
1554,2,57
1554,3,60
1554,4,67
1554,5,74
1554,6,61
1555,1,79
1555,2,62
1555,3,42
1555,4,79
1555,5,89
1555,6,49
1556,1,64
1556,2,91
1556,3,88
1556,4,47
1556,5,94
1556,6,50
1557,1,44
1557,2,97
1557,3,84
1557,4,92
1557,5,94
1557,6,76
1558,1,95
1558,2,98
1558,3,84
1558,4,77
1558,5,68
1558,6,44
1559,1,48
1559,2,98
1559,3,87
1559,4,41
1559,5,40
1559,6,79
1560,1,99
1560,2,90
1560,3,69
1560,4,50
1560,5,67
1560,6,83
1561,1,51
1561,2,78
1561,3,65
1561,4,52
1561,5,98
1561,6,47
1562,1,93
1562,2,67
1562,3,97
1562,4,69
1562,5,48
1562,6,78
1563,1,70
1563,2,97
1563,3,60
1563,4,95
1563,5,86
1563,6,73
1564,1,94
1564,2,70
1564,3,91
1564,4,64
1564,5,51
1564,6,40
1565,1,94
1565,2,61
1565,3,79
1565,4,76
1565,5,86
1565,6,40
1566,1,40
1566,2,96
1566,3,81
1566,4,93
1566,5,81
1566,6,60
1567,1,54
1567,2,56
1567,3,61
1567,4,77
1567,5,74
1567,6,84
1568,1,55
1568,2,47
1568,3,86
1568,4,56
1568,5,56
1568,6,93
1569,1,65
1569,2,52
1569,3,56
1569,4,77
1569,5,56
1569,6,87
1570,1,53
1570,2,84
1570,3,45
1570,4,74
1570,5,85
1570,6,53
1571,1,86
1571,2,47
1571,3,54
1571,4,93
1571,5,66
1571,6,52
1572,1,88
1572,2,70
1572,3,92
1572,4,95
1572,5,74
1572,6,99
1573,1,45
1573,2,44
1573,3,61
1573,4,97
1573,5,88
1573,6,62
1574,1,64
1574,2,73
1574,3,65
1574,4,86
1574,5,44
1574,6,65
1575,1,59
1575,2,45
1575,3,45
1575,4,98
1575,5,89
1575,6,57
1576,1,43
1576,2,56
1576,3,96
1576,4,53
1576,5,53
1576,6,52
1577,1,46
1577,2,69
1577,3,94
1577,4,54
1577,5,58
1577,6,82
1578,1,86
1578,2,83
1578,3,74
1578,4,56
1578,5,74
1578,6,58
1579,1,59
1579,2,75
1579,3,74
1579,4,71
1579,5,97
1579,6,87
1580,1,83
1580,2,79
1580,3,63
1580,4,56
1580,5,46
1580,6,82
1581,1,89
1581,2,40
1581,3,74
1581,4,71
1581,5,75
1581,6,52
1582,1,45
1582,2,97
1582,3,53
1582,4,76
1582,5,87
1582,6,54
1583,1,86
1583,2,43
1583,3,79
1583,4,98
1583,5,55
1583,6,67
1584,1,55
1584,2,43
1584,3,84
1584,4,65
1584,5,67
1584,6,71
1585,1,84
1585,2,41
1585,3,70
1585,4,42
1585,5,93
1585,6,47
1586,1,63
1586,2,54
1586,3,82
1586,4,70
1586,5,48
1586,6,78
1587,1,84
1587,2,41
1587,3,47
1587,4,46
1587,5,95
1587,6,83
1588,1,90
1588,2,78
1588,3,81
1588,4,96
1588,5,55
1588,6,69
1589,1,69
1589,2,49
1589,3,77
1589,4,57
1589,5,89
1589,6,44
1590,1,92
1590,2,68
1590,3,78
1590,4,99
1590,5,73
1590,6,82
1591,1,84
1591,2,62
1591,3,44
1591,4,69
1591,5,45
1591,6,95
1592,1,97
1592,2,85
1592,3,83
1592,4,43
1592,5,68
1592,6,62
1593,1,45
1593,2,71
1593,3,81
1593,4,57
1593,5,54
1593,6,79
1594,1,97
1594,2,71
1594,3,48
1594,4,76
1594,5,49
1594,6,59
1595,1,45
1595,2,87
1595,3,95
1595,4,98
1595,5,42
1595,6,81
1596,1,50
1596,2,82
1596,3,56
1596,4,71
1596,5,43
1596,6,43
1597,1,56
1597,2,80
1597,3,58
1597,4,44
1597,5,71
1597,6,61
1598,1,95
1598,2,45
1598,3,74
1598,4,61
1598,5,40
1598,6,59
1599,1,61
1599,2,87
1599,3,94
1599,4,50
1599,5,52
1599,6,98
1600,1,81
1600,2,42
1600,3,48
1600,4,99
1600,5,51
1600,6,62
1601,1,53
1601,2,72
1601,3,57
1601,4,88
1601,5,98
1601,6,80
1602,1,48
1602,2,62
1602,3,49
1602,4,58
1602,5,86
1602,6,44
1603,1,86
1603,2,91
1603,3,62
1603,4,69
1603,5,64
1603,6,67
1604,1,73
1604,2,84
1604,3,95
1604,4,87
1604,5,86
1604,6,64
1605,1,49
1605,2,53
1605,3,81
1605,4,96
1605,5,85
1605,6,97
1606,1,69
1606,2,94
1606,3,80
1606,4,64
1606,5,53
1606,6,74
1607,1,91
1607,2,87
1607,3,73
1607,4,49
1607,5,74
1607,6,50
1608,1,50
1608,2,60
1608,3,60
1608,4,61
1608,5,84
1608,6,46
1609,1,94
1609,2,56
1609,3,41
1609,4,51
1609,5,96
1609,6,81
1610,1,57
1610,2,93
1610,3,98
1610,4,50
1610,5,55
1610,6,88
1611,1,90
1611,2,57
1611,3,74
1611,4,92
1611,5,98
1611,6,65
1612,1,55
1612,2,45
1612,3,96
1612,4,83
1612,5,82
1612,6,86
1613,1,86
1613,2,87
1613,3,81
1613,4,51
1613,5,99
1613,6,52
1614,1,43
1614,2,78
1614,3,93
1614,4,41
1614,5,65
1614,6,98
1615,1,66
1615,2,66
1615,3,54
1615,4,47
1615,5,46
1615,6,86
1616,1,94
1616,2,85
1616,3,79
1616,4,99
1616,5,51
1616,6,52
1617,1,82
1617,2,56
1617,3,56
1617,4,95
1617,5,75
1617,6,60
1618,1,47
1618,2,44
1618,3,65
1618,4,55
1618,5,75
1618,6,67
1619,1,93
1619,2,68
1619,3,86
1619,4,51
1619,5,76
1619,6,69
1620,1,62
1620,2,55
1620,3,53
1620,4,49
1620,5,46
1620,6,84
1621,1,91
1621,2,99
1621,3,76
1621,4,68
1621,5,42
1621,6,54
1622,1,75
1622,2,86
1622,3,85
1622,4,91
1622,5,58
1622,6,52
1623,1,81
1623,2,60
1623,3,76
1623,4,66
1623,5,94
1623,6,91
1624,1,68
1624,2,59
1624,3,64
1624,4,45
1624,5,75
1624,6,41
1625,1,61
1625,2,71
1625,3,55
1625,4,57
1625,5,44
1625,6,93
1626,1,75
1626,2,69
1626,3,84
1626,4,58
1626,5,62
1626,6,73
1627,1,52
1627,2,82
1627,3,93
1627,4,68
1627,5,75
1627,6,61
1628,1,91
1628,2,91
1628,3,86
1628,4,75
1628,5,48
1628,6,78
1629,1,90
1629,2,58
1629,3,77
1629,4,45
1629,5,91
1629,6,86
1630,1,54
1630,2,96
1630,3,59
1630,4,48
1630,5,71
1630,6,43
1631,1,89
1631,2,57
1631,3,44
1631,4,59
1631,5,62
1631,6,50
1632,1,76
1632,2,61
1632,3,97
1632,4,43
1632,5,68
1632,6,83
1633,1,73
1633,2,52
1633,3,81
1633,4,48
1633,5,81
1633,6,70
1634,1,46
1634,2,43
1634,3,58
1634,4,81
1634,5,69
1634,6,70
1635,1,74
1635,2,96
1635,3,60
1635,4,70
1635,5,58
1635,6,70
1636,1,92
1636,2,71
1636,3,41
1636,4,98
1636,5,91
1636,6,49
1637,1,41
1637,2,41
1637,3,99
1637,4,63
1637,5,56
1637,6,71
1638,1,55
1638,2,55
1638,3,85
1638,4,78
1638,5,92
1638,6,70
1639,1,82
1639,2,63
1639,3,40
1639,4,50
1639,5,94
1639,6,60
1640,1,43
1640,2,46
1640,3,65
1640,4,86
1640,5,89
1640,6,51
1641,1,70
1641,2,56
1641,3,72
1641,4,50
1641,5,67
1641,6,71
1642,1,40
1642,2,86
1642,3,67
1642,4,92
1642,5,81
1642,6,46
1643,1,41
1643,2,81
1643,3,63
1643,4,43
1643,5,83
1643,6,69
1644,1,65
1644,2,50
1644,3,79
1644,4,89
1644,5,82
1644,6,50
1645,1,84
1645,2,42
1645,3,51
1645,4,42
1645,5,81
1645,6,66
1646,1,88
1646,2,93
1646,3,41
1646,4,88
1646,5,55
1646,6,41
1647,1,99
1647,2,93
1647,3,69
1647,4,59
1647,5,77
1647,6,67
1648,1,64
1648,2,71
1648,3,49
1648,4,99
1648,5,81
1648,6,79
1649,1,72
1649,2,52
1649,3,95
1649,4,80
1649,5,93
1649,6,81
1650,1,86
1650,2,76
1650,3,93
1650,4,55
1650,5,84
1650,6,61
1651,1,96
1651,2,59
1651,3,89
1651,4,82
1651,5,66
1651,6,80
1652,1,55
1652,2,73
1652,3,71
1652,4,65
1652,5,64
1652,6,41
1653,1,51
1653,2,79
1653,3,48
1653,4,51
1653,5,65
1653,6,48
1654,1,49
1654,2,71
1654,3,96
1654,4,73
1654,5,87
1654,6,59
1655,1,78
1655,2,99
1655,3,41
1655,4,40
1655,5,90
1655,6,99
1656,1,75
1656,2,63
1656,3,93
1656,4,66
1656,5,41
1656,6,70
1657,1,96
1657,2,53
1657,3,41
1657,4,68
1657,5,54
1657,6,51
1658,1,76
1658,2,67
1658,3,59
1658,4,78
1658,5,63
1658,6,60
1659,1,49
1659,2,85
1659,3,53
1659,4,76
1659,5,57
1659,6,63
1660,1,53
1660,2,73
1660,3,97
1660,4,51
1660,5,61
1660,6,95
1661,1,45
1661,2,75
1661,3,84
1661,4,75
1661,5,61
1661,6,53
1662,1,55
1662,2,75
1662,3,95
1662,4,64
1662,5,71
1662,6,72
1663,1,84
1663,2,75
1663,3,59
1663,4,57
1663,5,77
1663,6,42
1664,1,62
1664,2,71
1664,3,84
1664,4,98
1664,5,55
1664,6,98
1665,1,44
1665,2,43
1665,3,60
1665,4,79
1665,5,90
1665,6,53
1666,1,78
1666,2,70
1666,3,53
1666,4,45
1666,5,51
1666,6,55
1667,1,56
1667,2,84
1667,3,62
1667,4,53
1667,5,46
1667,6,85
1668,1,71
1668,2,54
1668,3,83
1668,4,56
1668,5,80
1668,6,93
1669,1,86
1669,2,83
1669,3,73
1669,4,44
1669,5,84
1669,6,66
1670,1,91
1670,2,62
1670,3,79
1670,4,98
1670,5,53
1670,6,54
1671,1,82
1671,2,72
1671,3,92
1671,4,70
1671,5,74
1671,6,56
1672,1,67
1672,2,58
1672,3,85
1672,4,93
1672,5,62
1672,6,71
1673,1,79
1673,2,52
1673,3,98
1673,4,59
1673,5,74
1673,6,44
1674,1,48
1674,2,68
1674,3,45
1674,4,64
1674,5,70
1674,6,61
1675,1,41
1675,2,84
1675,3,44
1675,4,99
1675,5,66
1675,6,64
1676,1,47
1676,2,94
1676,3,40
1676,4,59
1676,5,83
1676,6,62
1677,1,71
1677,2,50
1677,3,78
1677,4,86
1677,5,93
1677,6,63
1678,1,50
1678,2,68
1678,3,93
1678,4,65
1678,5,55
1678,6,74
1679,1,59
1679,2,85
1679,3,42
1679,4,40
1679,5,97
1679,6,92
1680,1,86
1680,2,40
1680,3,56
1680,4,41
1680,5,68
1680,6,59
1681,1,45
1681,2,47
1681,3,68
1681,4,87
1681,5,90
1681,6,72
1682,1,42
1682,2,99
1682,3,74
1682,4,44
1682,5,66
1682,6,83
1683,1,51
1683,2,59
1683,3,84
1683,4,59
1683,5,48
1683,6,78
1684,1,43
1684,2,90
1684,3,93
1684,4,58
1684,5,77
1684,6,66
1685,1,84
1685,2,82
1685,3,52
1685,4,52
1685,5,99
1685,6,96
1686,1,61
1686,2,67
1686,3,91
1686,4,86
1686,5,92
1686,6,84
1687,1,61
1687,2,82
1687,3,58
1687,4,47
1687,5,91
1687,6,47
1688,1,81
1688,2,65
1688,3,87
1688,4,90
1688,5,65
1688,6,62
1689,1,82
1689,2,52
1689,3,67
1689,4,48
1689,5,59
1689,6,69
1690,1,58
1690,2,87
1690,3,78
1690,4,90
1690,5,51
1690,6,54
1691,1,70
1691,2,94
1691,3,53
1691,4,50
1691,5,65
1691,6,81
1692,1,66
1692,2,50
1692,3,77
1692,4,73
1692,5,82
1692,6,58
1693,1,45
1693,2,85
1693,3,91
1693,4,77
1693,5,88
1693,6,81
1694,1,67
1694,2,40
1694,3,74
1694,4,79
1694,5,47
1694,6,98
1695,1,91
1695,2,93
1695,3,86
1695,4,95
1695,5,46
1695,6,50
1696,1,78
1696,2,43
1696,3,64
1696,4,51
1696,5,65
1696,6,77
1697,1,85
1697,2,51
1697,3,82
1697,4,90
1697,5,92
1697,6,76
1698,1,85
1698,2,92
1698,3,63
1698,4,55
1698,5,96
1698,6,52
1699,1,64
1699,2,93
1699,3,93
1699,4,96
1699,5,91
1699,6,93
1700,1,43
1700,2,50
1700,3,71
1700,4,88
1700,5,46
1700,6,85
1701,1,97
1701,2,50
1701,3,69
1701,4,93
1701,5,80
1701,6,62
1702,1,84
1702,2,62
1702,3,89
1702,4,67
1702,5,82
1702,6,86
1703,1,96
1703,2,65
1703,3,64
1703,4,93
1703,5,68
1703,6,58
1704,1,72
1704,2,75
1704,3,53
1704,4,53
1704,5,74
1704,6,69
1705,1,67
1705,2,56
1705,3,42
1705,4,55
1705,5,85
1705,6,69
1706,1,91
1706,2,68
1706,3,84
1706,4,54
1706,5,85
1706,6,95
1707,1,64
1707,2,90
1707,3,77
1707,4,81
1707,5,98
1707,6,86
1708,1,92
1708,2,93
1708,3,91
1708,4,97
1708,5,77
1708,6,62
1709,1,64
1709,2,81
1709,3,46
1709,4,61
1709,5,56
1709,6,57
1710,1,88
1710,2,80
1710,3,49
1710,4,49
1710,5,96
1710,6,46
1711,1,87
1711,2,89
1711,3,77
1711,4,66
1711,5,91
1711,6,72
1712,1,40
1712,2,83
1712,3,92
1712,4,99
1712,5,73
1712,6,43
1713,1,56
1713,2,43
1713,3,82
1713,4,93
1713,5,65
1713,6,43
1714,1,40
1714,2,46
1714,3,69
1714,4,89
1714,5,48
1714,6,74
1715,1,47
1715,2,63
1715,3,58
1715,4,75
1715,5,89
1715,6,91
1716,1,98
1716,2,82
1716,3,69
1716,4,71
1716,5,53
1716,6,96
1717,1,57
1717,2,67
1717,3,99
1717,4,68
1717,5,55
1717,6,74
1718,1,69
1718,2,98
1718,3,98
1718,4,70
1718,5,43
1718,6,76
1719,1,56
1719,2,78
1719,3,87
1719,4,85
1719,5,65
1719,6,87
1720,1,78
1720,2,80
1720,3,43
1720,4,69
1720,5,69
1720,6,61
1721,1,50
1721,2,41
1721,3,83
1721,4,51
1721,5,69
1721,6,75
1722,1,57
1722,2,65
1722,3,92
1722,4,46
1722,5,40
1722,6,97
1723,1,65
1723,2,62
1723,3,65
1723,4,84
1723,5,45
1723,6,45
1724,1,83
1724,2,47
1724,3,63
1724,4,61
1724,5,58
1724,6,76
1725,1,57
1725,2,69
1725,3,76
1725,4,69
1725,5,96
1725,6,81
1726,1,72
1726,2,49
1726,3,76
1726,4,51
1726,5,93
1726,6,69
1727,1,66
1727,2,78
1727,3,48
1727,4,93
1727,5,60
1727,6,51
1728,1,94
1728,2,68
1728,3,69
1728,4,82
1728,5,92
1728,6,54
1729,1,41
1729,2,91
1729,3,78
1729,4,92
1729,5,83
1729,6,93
1730,1,57
1730,2,42
1730,3,46
1730,4,82
1730,5,57
1730,6,83
1731,1,77
1731,2,76
1731,3,97
1731,4,72
1731,5,83
1731,6,98
1732,1,70
1732,2,97
1732,3,50
1732,4,43
1732,5,98
1732,6,57
1733,1,43
1733,2,88
1733,3,73
1733,4,68
1733,5,63
1733,6,61
1734,1,41
1734,2,83
1734,3,45
1734,4,81
1734,5,64
1734,6,94
1735,1,96
1735,2,60
1735,3,94
1735,4,98
1735,5,55
1735,6,70
1736,1,53
1736,2,78
1736,3,67
1736,4,71
1736,5,67
1736,6,90
1737,1,94
1737,2,88
1737,3,48
1737,4,97
1737,5,84
1737,6,61
1738,1,71
1738,2,44
1738,3,62
1738,4,44
1738,5,81
1738,6,92
1739,1,71
1739,2,98
1739,3,49
1739,4,98
1739,5,78
1739,6,97
1740,1,54
1740,2,46
1740,3,68
1740,4,98
1740,5,86
1740,6,42
1741,1,58
1741,2,49
1741,3,67
1741,4,68
1741,5,54
1741,6,74
1742,1,45
1742,2,51
1742,3,86
1742,4,77
1742,5,52
1742,6,68
1743,1,58
1743,2,42
1743,3,47
1743,4,47
1743,5,94
1743,6,97
1744,1,59
1744,2,86
1744,3,43
1744,4,90
1744,5,60
1744,6,42
1745,1,84
1745,2,47
1745,3,62
1745,4,55
1745,5,52
1745,6,42
1746,1,87
1746,2,48
1746,3,99
1746,4,53
1746,5,52
1746,6,92
1747,1,96
1747,2,46
1747,3,54
1747,4,46
1747,5,77
1747,6,73
1748,1,80
1748,2,61
1748,3,63
1748,4,88
1748,5,76
1748,6,83
1749,1,40
1749,2,49
1749,3,82
1749,4,55
1749,5,85
1749,6,47
1750,1,95
1750,2,88
1750,3,64
1750,4,89
1750,5,51
1750,6,64
1751,1,56
1751,2,99
1751,3,65
1751,4,85
1751,5,87
1751,6,53
1752,1,80
1752,2,75
1752,3,96
1752,4,62
1752,5,82
1752,6,45
1753,1,86
1753,2,44
1753,3,82
1753,4,64
1753,5,57
1753,6,52
1754,1,82
1754,2,53
1754,3,67
1754,4,57
1754,5,98
1754,6,99
1755,1,96
1755,2,67
1755,3,90
1755,4,95
1755,5,66
1755,6,71
1756,1,86
1756,2,48
1756,3,79
1756,4,71
1756,5,59
1756,6,67
1757,1,72
1757,2,43
1757,3,85
1757,4,96
1757,5,73
1757,6,87
1758,1,42
1758,2,65
1758,3,47
1758,4,45
1758,5,55
1758,6,63
1759,1,87
1759,2,78
1759,3,69
1759,4,84
1759,5,52
1759,6,44
1760,1,64
1760,2,59
1760,3,93
1760,4,57
1760,5,86
1760,6,57
1761,1,41
1761,2,49
1761,3,94
1761,4,84
1761,5,89
1761,6,86
1762,1,51
1762,2,86
1762,3,52
1762,4,89
1762,5,86
1762,6,96
1763,1,94
1763,2,50
1763,3,58
1763,4,74
1763,5,78
1763,6,92
1764,1,65
1764,2,85
1764,3,53
1764,4,93
1764,5,84
1764,6,83
1765,1,63
1765,2,80
1765,3,40
1765,4,90
1765,5,82
1765,6,94
1766,1,61
1766,2,62
1766,3,95
1766,4,93
1766,5,58
1766,6,57
1767,1,51
1767,2,94
1767,3,67
1767,4,67
1767,5,99
1767,6,69
1768,1,72
1768,2,58
1768,3,67
1768,4,98
1768,5,91
1768,6,88
1769,1,76
1769,2,65
1769,3,74
1769,4,73
1769,5,74
1769,6,79
1770,1,55
1770,2,77
1770,3,52
1770,4,62
1770,5,99
1770,6,93
1771,1,61
1771,2,55
1771,3,67
1771,4,87
1771,5,74
1771,6,99
1772,1,84
1772,2,85
1772,3,47
1772,4,83
1772,5,94
1772,6,94
1773,1,61
1773,2,60
1773,3,65
1773,4,79
1773,5,60
1773,6,64
1774,1,80
1774,2,40
1774,3,45
1774,4,62
1774,5,90
1774,6,62
1775,1,82
1775,2,82
1775,3,62
1775,4,71
1775,5,69
1775,6,52
1776,1,82
1776,2,69
1776,3,62
1776,4,54
1776,5,72
1776,6,60
1777,1,96
1777,2,78
1777,3,62
1777,4,66
1777,5,84
1777,6,83
1778,1,57
1778,2,63
1778,3,90
1778,4,86
1778,5,79
1778,6,90
1779,1,81
1779,2,46
1779,3,89
1779,4,87
1779,5,59
1779,6,66
1780,1,45
1780,2,66
1780,3,48
1780,4,92
1780,5,84
1780,6,96
1781,1,70
1781,2,60
1781,3,65
1781,4,79
1781,5,87
1781,6,84
1782,1,52
1782,2,88
1782,3,62
1782,4,59
1782,5,76
1782,6,93
1783,1,92
1783,2,67
1783,3,56
1783,4,67
1783,5,80
1783,6,41
1784,1,64
1784,2,97
1784,3,89
1784,4,80
1784,5,45
1784,6,50
1785,1,96
1785,2,77
1785,3,45
1785,4,84
1785,5,50
1785,6,53
1786,1,41
1786,2,79
1786,3,42
1786,4,94
1786,5,92
1786,6,74
1787,1,72
1787,2,63
1787,3,58
1787,4,57
1787,5,88
1787,6,91
1788,1,63
1788,2,84
1788,3,74
1788,4,40
1788,5,75
1788,6,64
1789,1,84
1789,2,88
1789,3,99
1789,4,82
1789,5,73
1789,6,64
1790,1,55
1790,2,73
1790,3,68
1790,4,58
1790,5,62
1790,6,58
1791,1,64
1791,2,55
1791,3,93
1791,4,90
1791,5,48
1791,6,40
1792,1,81
1792,2,58
1792,3,72
1792,4,73
1792,5,55
1792,6,83
1793,1,79
1793,2,94
1793,3,57
1793,4,73
1793,5,64
1793,6,84
1794,1,45
1794,2,60
1794,3,97
1794,4,45
1794,5,71
1794,6,80
1795,1,87
1795,2,82
1795,3,78
1795,4,70
1795,5,81
1795,6,49
1796,1,69
1796,2,96
1796,3,91
1796,4,57
1796,5,99
1796,6,63
1797,1,91
1797,2,48
1797,3,70
1797,4,54
1797,5,43
1797,6,79
1798,1,48
1798,2,84
1798,3,48
1798,4,65
1798,5,43
1798,6,56
1799,1,55
1799,2,54
1799,3,74
1799,4,96
1799,5,91
1799,6,44
1800,1,94
1800,2,44
1800,3,59
1800,4,54
1800,5,57
1800,6,86
1801,1,41
1801,2,68
1801,3,52
1801,4,43
1801,5,81
1801,6,84
1802,1,49
1802,2,70
1802,3,80
1802,4,47
1802,5,42
1802,6,87
1803,1,85
1803,2,48
1803,3,69
1803,4,92
1803,5,50
1803,6,74
1804,1,76
1804,2,81
1804,3,52
1804,4,75
1804,5,95
1804,6,52
1805,1,51
1805,2,76
1805,3,49
1805,4,99
1805,5,95
1805,6,48
1806,1,91
1806,2,46
1806,3,41
1806,4,93
1806,5,95
1806,6,99
1807,1,62
1807,2,78
1807,3,79
1807,4,78
1807,5,60
1807,6,62
1808,1,68
1808,2,53
1808,3,65
1808,4,90
1808,5,44
1808,6,94
1809,1,70
1809,2,64
1809,3,70
1809,4,89
1809,5,59
1809,6,83
1810,1,94
1810,2,56
1810,3,84
1810,4,41
1810,5,64
1810,6,52
1811,1,97
1811,2,78
1811,3,67
1811,4,81
1811,5,94
1811,6,45
1812,1,42
1812,2,97
1812,3,74
1812,4,57
1812,5,50
1812,6,93
1813,1,59
1813,2,44
1813,3,58
1813,4,61
1813,5,98
1813,6,99
1814,1,58
1814,2,86
1814,3,55
1814,4,63
1814,5,80
1814,6,43
1815,1,54
1815,2,64
1815,3,83
1815,4,94
1815,5,74
1815,6,94
1816,1,53
1816,2,88
1816,3,69
1816,4,77
1816,5,75
1816,6,46
1817,1,69
1817,2,58
1817,3,88
1817,4,64
1817,5,55
1817,6,86
1818,1,93
1818,2,79
1818,3,90
1818,4,47
1818,5,57
1818,6,67
1819,1,55
1819,2,91
1819,3,58
1819,4,81
1819,5,56
1819,6,84
1820,1,52
1820,2,46
1820,3,66
1820,4,49
1820,5,73
1820,6,75
1821,1,64
1821,2,45
1821,3,63
1821,4,57
1821,5,62
1821,6,45
1822,1,68
1822,2,64
1822,3,94
1822,4,56
1822,5,85
1822,6,63
1823,1,50
1823,2,65
1823,3,90
1823,4,73
1823,5,67
1823,6,42
1824,1,50
1824,2,77
1824,3,53
1824,4,90
1824,5,65
1824,6,87
1825,1,60
1825,2,93
1825,3,95
1825,4,78
1825,5,69
1825,6,98
1826,1,47
1826,2,90
1826,3,59
1826,4,87
1826,5,71
1826,6,61
1827,1,98
1827,2,46
1827,3,48
1827,4,84
1827,5,69
1827,6,68
1828,1,47
1828,2,95
1828,3,93
1828,4,43
1828,5,74
1828,6,98
1829,1,42
1829,2,93
1829,3,84
1829,4,79
1829,5,46
1829,6,66
1830,1,40
1830,2,66
1830,3,55
1830,4,77
1830,5,46
1830,6,83
1831,1,62
1831,2,80
1831,3,98
1831,4,50
1831,5,81
1831,6,92
1832,1,72
1832,2,89
1832,3,75
1832,4,76
1832,5,80
1832,6,98
1833,1,56
1833,2,74
1833,3,87
1833,4,44
1833,5,87
1833,6,71
1834,1,42
1834,2,91
1834,3,86
1834,4,74
1834,5,91
1834,6,53
1835,1,87
1835,2,70
1835,3,70
1835,4,56
1835,5,99
1835,6,63
1836,1,91
1836,2,62
1836,3,57
1836,4,89
1836,5,93
1836,6,53
1837,1,89
1837,2,54
1837,3,54
1837,4,45
1837,5,66
1837,6,54
1838,1,89
1838,2,75
1838,3,94
1838,4,47
1838,5,54
1838,6,42
1839,1,86
1839,2,52
1839,3,80
1839,4,73
1839,5,63
1839,6,79
1840,1,71
1840,2,71
1840,3,69
1840,4,91
1840,5,88
1840,6,52
1841,1,40
1841,2,73
1841,3,54
1841,4,83
1841,5,53
1841,6,96
1842,1,68
1842,2,73
1842,3,57
1842,4,93
1842,5,46
1842,6,68
1843,1,94
1843,2,70
1843,3,64
1843,4,77
1843,5,53
1843,6,47
1844,1,66
1844,2,93
1844,3,41
1844,4,56
1844,5,76
1844,6,53
1845,1,64
1845,2,95
1845,3,69
1845,4,68
1845,5,59
1845,6,60
1846,1,92
1846,2,61
1846,3,74
1846,4,76
1846,5,55
1846,6,89
1847,1,97
1847,2,88
1847,3,82
1847,4,56
1847,5,55
1847,6,97
1848,1,94
1848,2,41
1848,3,43
1848,4,60
1848,5,78
1848,6,73
1849,1,69
1849,2,45
1849,3,56
1849,4,78
1849,5,64
1849,6,44
1850,1,44
1850,2,59
1850,3,55
1850,4,90
1850,5,80
1850,6,76
1851,1,79
1851,2,48
1851,3,44
1851,4,81
1851,5,96
1851,6,41
1852,1,69
1852,2,82
1852,3,75
1852,4,61
1852,5,61
1852,6,61
1853,1,73
1853,2,94
1853,3,68
1853,4,77
1853,5,98
1853,6,85
1854,1,72
1854,2,57
1854,3,46
1854,4,40
1854,5,72
1854,6,40
1855,1,63
1855,2,43
1855,3,43
1855,4,57
1855,5,66
1855,6,82
1856,1,98
1856,2,71
1856,3,72
1856,4,67
1856,5,81
1856,6,80
1857,1,94
1857,2,75
1857,3,99
1857,4,45
1857,5,55
1857,6,73
1858,1,62
1858,2,89
1858,3,81
1858,4,63
1858,5,95
1858,6,88
1859,1,52
1859,2,95
1859,3,57
1859,4,93
1859,5,52
1859,6,88
1860,1,76
1860,2,82
1860,3,78
1860,4,81
1860,5,56
1860,6,54
1861,1,57
1861,2,62
1861,3,69
1861,4,90
1861,5,69
1861,6,97
1862,1,73
1862,2,97
1862,3,43
1862,4,42
1862,5,46
1862,6,95
1863,1,57
1863,2,81
1863,3,46
1863,4,79
1863,5,45
1863,6,61
1864,1,97
1864,2,40
1864,3,43
1864,4,85
1864,5,88
1864,6,91
1865,1,89
1865,2,82
1865,3,68
1865,4,60
1865,5,65
1865,6,53
1866,1,48
1866,2,98
1866,3,86
1866,4,51
1866,5,81
1866,6,69
1867,1,95
1867,2,90
1867,3,45
1867,4,59
1867,5,63
1867,6,66
1868,1,77
1868,2,47
1868,3,40
1868,4,93
1868,5,88
1868,6,88
1869,1,63
1869,2,86
1869,3,46
1869,4,58
1869,5,61
1869,6,96
1870,1,94
1870,2,99
1870,3,74
1870,4,69
1870,5,68
1870,6,61
1871,1,50
1871,2,59
1871,3,68
1871,4,90
1871,5,80
1871,6,81
1872,1,73
1872,2,40
1872,3,70
1872,4,69
1872,5,87
1872,6,57
1873,1,94
1873,2,97
1873,3,56
1873,4,77
1873,5,53
1873,6,62
1874,1,64
1874,2,54
1874,3,85
1874,4,95
1874,5,61
1874,6,42
1875,1,95
1875,2,94
1875,3,58
1875,4,96
1875,5,83
1875,6,73
1876,1,74
1876,2,89
1876,3,40
1876,4,91
1876,5,60
1876,6,68
1877,1,45
1877,2,76
1877,3,40
1877,4,90
1877,5,40
1877,6,66
1878,1,60
1878,2,92
1878,3,55
1878,4,83
1878,5,98
1878,6,93
1879,1,79
1879,2,65
1879,3,55
1879,4,67
1879,5,40
1879,6,75
1880,1,49
1880,2,82
1880,3,56
1880,4,96
1880,5,98
1880,6,62
1881,1,46
1881,2,83
1881,3,92
1881,4,46
1881,5,83
1881,6,54
1882,1,73
1882,2,85
1882,3,84
1882,4,43
1882,5,53
1882,6,53
1883,1,55
1883,2,46
1883,3,71
1883,4,58
1883,5,41
1883,6,49
1884,1,89
1884,2,56
1884,3,76
1884,4,51
1884,5,45
1884,6,61
1885,1,71
1885,2,80
1885,3,59
1885,4,40
1885,5,93
1885,6,86
1886,1,92
1886,2,97
1886,3,45
1886,4,58
1886,5,57
1886,6,45
1887,1,84
1887,2,72
1887,3,62
1887,4,62
1887,5,65
1887,6,52
1888,1,69
1888,2,54
1888,3,83
1888,4,66
1888,5,65
1888,6,72
1889,1,54
1889,2,75
1889,3,84
1889,4,94
1889,5,66
1889,6,96
1890,1,44
1890,2,41
1890,3,94
1890,4,97
1890,5,72
1890,6,55
1891,1,62
1891,2,77
1891,3,94
1891,4,55
1891,5,53
1891,6,68
1892,1,65
1892,2,74
1892,3,54
1892,4,42
1892,5,62
1892,6,68
1893,1,73
1893,2,72
1893,3,80
1893,4,80
1893,5,62
1893,6,46
1894,1,42
1894,2,97
1894,3,71
1894,4,70
1894,5,57
1894,6,82
1895,1,46
1895,2,80
1895,3,40
1895,4,53
1895,5,91
1895,6,71
1896,1,45
1896,2,78
1896,3,49
1896,4,46
1896,5,65
1896,6,73
1897,1,69
1897,2,75
1897,3,60
1897,4,99
1897,5,56
1897,6,72
1898,1,49
1898,2,90
1898,3,86
1898,4,81
1898,5,90
1898,6,51
1899,1,95
1899,2,55
1899,3,80
1899,4,71
1899,5,54
1899,6,66
1900,1,67
1900,2,56
1900,3,85
1900,4,98
1900,5,89
1900,6,97
1901,1,41
1901,2,75
1901,3,89
1901,4,46
1901,5,52
1901,6,54
1902,1,64
1902,2,62
1902,3,99
1902,4,61
1902,5,65
1902,6,72
1903,1,50
1903,2,49
1903,3,64
1903,4,76
1903,5,87
1903,6,82
1904,1,92
1904,2,77
1904,3,80
1904,4,84
1904,5,63
1904,6,79
1905,1,85
1905,2,95
1905,3,72
1905,4,56
1905,5,63
1905,6,76
1906,1,96
1906,2,41
1906,3,71
1906,4,96
1906,5,99
1906,6,63
1907,1,48
1907,2,43
1907,3,56
1907,4,56
1907,5,92
1907,6,89
1908,1,87
1908,2,69
1908,3,79
1908,4,97
1908,5,50
1908,6,60
1909,1,60
1909,2,57
1909,3,94
1909,4,68
1909,5,63
1909,6,49
1910,1,84
1910,2,56
1910,3,57
1910,4,81
1910,5,87
1910,6,59
1911,1,76
1911,2,84
1911,3,57
1911,4,56
1911,5,48
1911,6,53
1912,1,88
1912,2,68
1912,3,70
1912,4,43
1912,5,57
1912,6,98
1913,1,59
1913,2,95
1913,3,95
1913,4,86
1913,5,82
1913,6,83
1914,1,48
1914,2,52
1914,3,54
1914,4,66
1914,5,54
1914,6,67
1915,1,76
1915,2,94
1915,3,58
1915,4,65
1915,5,91
1915,6,65
1916,1,64
1916,2,65
1916,3,65
1916,4,85
1916,5,67
1916,6,88
1917,1,57
1917,2,71
1917,3,92
1917,4,42
1917,5,41
1917,6,72
1918,1,81
1918,2,58
1918,3,56
1918,4,83
1918,5,72
1918,6,51
1919,1,88
1919,2,95
1919,3,42
1919,4,82
1919,5,88
1919,6,94
1920,1,65
1920,2,74
1920,3,47
1920,4,69
1920,5,75
1920,6,92
1921,1,93
1921,2,46
1921,3,85
1921,4,85
1921,5,75
1921,6,55
1922,1,63
1922,2,93
1922,3,40
1922,4,88
1922,5,64
1922,6,49
1923,1,93
1923,2,55
1923,3,55
1923,4,97
1923,5,47
1923,6,68
1924,1,78
1924,2,67
1924,3,45
1924,4,55
1924,5,59
1924,6,55
1925,1,46
1925,2,80
1925,3,53
1925,4,82
1925,5,65
1925,6,65
1926,1,53
1926,2,46
1926,3,72
1926,4,65
1926,5,96
1926,6,84
1927,1,59
1927,2,42
1927,3,91
1927,4,43
1927,5,65
1927,6,50
1928,1,41
1928,2,53
1928,3,83
1928,4,69
1928,5,88
1928,6,51
1929,1,65
1929,2,83
1929,3,72
1929,4,52
1929,5,53
1929,6,63
1930,1,73
1930,2,83
1930,3,65
1930,4,60
1930,5,67
1930,6,87
1931,1,75
1931,2,79
1931,3,41
1931,4,81
1931,5,48
1931,6,62
1932,1,54
1932,2,52
1932,3,62
1932,4,56
1932,5,87
1932,6,99
1933,1,41
1933,2,59
1933,3,59
1933,4,98
1933,5,85
1933,6,42
1934,1,94
1934,2,51
1934,3,79
1934,4,41
1934,5,75
1934,6,53
1935,1,55
1935,2,58
1935,3,73
1935,4,83
1935,5,85
1935,6,45
1936,1,52
1936,2,75
1936,3,61
1936,4,57
1936,5,51
1936,6,91
1937,1,98
1937,2,93
1937,3,69
1937,4,92
1937,5,90
1937,6,79
1938,1,46
1938,2,71
1938,3,87
1938,4,58
1938,5,45
1938,6,59
1939,1,66
1939,2,92
1939,3,82
1939,4,76
1939,5,87
1939,6,46
1940,1,98
1940,2,44
1940,3,50
1940,4,54
1940,5,42
1940,6,97
1941,1,44
1941,2,62
1941,3,92
1941,4,76
1941,5,48
1941,6,54
1942,1,69
1942,2,68
1942,3,45
1942,4,56
1942,5,65
1942,6,60
1943,1,47
1943,2,60
1943,3,96
1943,4,50
1943,5,77
1943,6,47
1944,1,81
1944,2,63
1944,3,74
1944,4,94
1944,5,53
1944,6,94
1945,1,53
1945,2,49
1945,3,51
1945,4,77
1945,5,83
1945,6,94
1946,1,85
1946,2,73
1946,3,80
1946,4,49
1946,5,97
1946,6,56
1947,1,56
1947,2,42
1947,3,70
1947,4,90
1947,5,40
1947,6,51
1948,1,78
1948,2,43
1948,3,81
1948,4,52
1948,5,73
1948,6,81
1949,1,60
1949,2,61
1949,3,96
1949,4,43
1949,5,57
1949,6,44
1950,1,58
1950,2,41
1950,3,51
1950,4,56
1950,5,49
1950,6,73
1951,1,45
1951,2,47
1951,3,90
1951,4,50
1951,5,96
1951,6,51
1952,1,48
1952,2,41
1952,3,47
1952,4,97
1952,5,50
1952,6,99
1953,1,92
1953,2,75
1953,3,49
1953,4,60
1953,5,59
1953,6,87
1954,1,47
1954,2,75
1954,3,68
1954,4,81
1954,5,51
1954,6,53
1955,1,87
1955,2,93
1955,3,89
1955,4,60
1955,5,61
1955,6,60
1956,1,83
1956,2,89
1956,3,69
1956,4,78
1956,5,59
1956,6,63
1957,1,62
1957,2,46
1957,3,48
1957,4,40
1957,5,65
1957,6,77
1958,1,77
1958,2,93
1958,3,83
1958,4,61
1958,5,83
1958,6,49
1959,1,94
1959,2,97
1959,3,45
1959,4,56
1959,5,90
1959,6,89
1960,1,77
1960,2,63
1960,3,90
1960,4,49
1960,5,95
1960,6,47
1961,1,60
1961,2,95
1961,3,45
1961,4,60
1961,5,96
1961,6,78
1962,1,63
1962,2,72
1962,3,98
1962,4,57
1962,5,95
1962,6,67
1963,1,96
1963,2,91
1963,3,71
1963,4,51
1963,5,87
1963,6,81
1964,1,66
1964,2,49
1964,3,85
1964,4,96
1964,5,91
1964,6,81
1965,1,71
1965,2,81
1965,3,65
1965,4,64
1965,5,50
1965,6,62
1966,1,73
1966,2,96
1966,3,91
1966,4,79
1966,5,62
1966,6,68
1967,1,70
1967,2,46
1967,3,79
1967,4,72
1967,5,60
1967,6,41
1968,1,57
1968,2,86
1968,3,72
1968,4,76
1968,5,73
1968,6,59
1969,1,74
1969,2,90
1969,3,89
1969,4,93
1969,5,57
1969,6,85
1970,1,63
1970,2,47
1970,3,69
1970,4,83
1970,5,92
1970,6,49
1971,1,62
1971,2,91
1971,3,88
1971,4,50
1971,5,41
1971,6,97
1972,1,65
1972,2,75
1972,3,72
1972,4,86
1972,5,52
1972,6,79
1973,1,64
1973,2,43
1973,3,81
1973,4,58
1973,5,57
1973,6,76
1974,1,69
1974,2,58
1974,3,97
1974,4,62
1974,5,98
1974,6,93
1975,1,55
1975,2,40
1975,3,51
1975,4,63
1975,5,73
1975,6,92
1976,1,96
1976,2,47
1976,3,57
1976,4,96
1976,5,87
1976,6,44
1977,1,65
1977,2,69
1977,3,93
1977,4,52
1977,5,58
1977,6,68
1978,1,42
1978,2,65
1978,3,79
1978,4,98
1978,5,97
1978,6,97
1979,1,51
1979,2,41
1979,3,50
1979,4,83
1979,5,67
1979,6,57
1980,1,52
1980,2,76
1980,3,61
1980,4,51
1980,5,41
1980,6,76
1981,1,46
1981,2,65
1981,3,65
1981,4,63
1981,5,51
1981,6,55
1982,1,62
1982,2,79
1982,3,99
1982,4,48
1982,5,71
1982,6,54
1983,1,76
1983,2,52
1983,3,44
1983,4,50
1983,5,49
1983,6,91
1984,1,52
1984,2,80
1984,3,92
1984,4,85
1984,5,89
1984,6,54
1985,1,81
1985,2,95
1985,3,46
1985,4,79
1985,5,67
1985,6,71
1986,1,74
1986,2,54
1986,3,87
1986,4,75
1986,5,60
1986,6,45
1987,1,40
1987,2,43
1987,3,50
1987,4,83
1987,5,65
1987,6,76
1988,1,62
1988,2,68
1988,3,60
1988,4,87
1988,5,84
1988,6,84
1989,1,88
1989,2,66
1989,3,78
1989,4,79
1989,5,52
1989,6,62
1990,1,98
1990,2,55
1990,3,69
1990,4,43
1990,5,79
1990,6,55
1991,1,70
1991,2,92
1991,3,81
1991,4,64
1991,5,83
1991,6,51
1992,1,65
1992,2,76
1992,3,87
1992,4,72
1992,5,67
1992,6,48
1993,1,51
1993,2,44
1993,3,93
1993,4,91
1993,5,93
1993,6,67
1994,1,95
1994,2,74
1994,3,44
1994,4,73
1994,5,85
1994,6,73
1995,1,52
1995,2,78
1995,3,81
1995,4,69
1995,5,87
1995,6,97
1996,1,53
1996,2,50
1996,3,81
1996,4,77
1996,5,43
1996,6,92
1997,1,72
1997,2,46
1997,3,95
1997,4,80
1997,5,47
1997,6,76
1998,1,90
1998,2,49
1998,3,82
1998,4,96
1998,5,54
1998,6,77
1999,1,54
1999,2,44
1999,3,68
1999,4,58
1999,5,93
1999,6,90
2000,1,49
2000,2,51
2000,3,93
2000,4,43
2000,5,70
2000,6,57
